username;date;retweets;favorites;text;geo;mentions;hashtags;id;permalink
;2016-09-30 07:54;0;0;"Lets look at the expressions Hillary had at the campaign. Looks like she has been exposed of all her corruption and lies. Americans vote DJT";;;;"781643399505981440";https://twitter.com/beth6281964/status/781643399505981440
;2016-09-30 07:46;1;1;"Watching @ hardball and heard Gary Johnson thinks Hillary will "press the trigger" ... Really!";;@;;"781641264059998208";https://twitter.com/VictoriaInPhx/status/781641264059998208
;2016-09-30 07:31;0;0;"Obama and Hillary just let 1800 more immigrants on America. Never checked their back grounds and made them U.S citizens.They promote murder.";;;;"781637573693222912";https://twitter.com/beth6281964/status/781637573693222912
;2016-09-30 07:28;1;2;"@ realDonaldTrump @ HillaryClinton @ davidmuir Every woman is beautiful no matter what size she is. Trump doesn't know what real beauty is.";;@ @ @;;"781636772220571648";https://twitter.com/funnycat38/status/781636772220571648
;2016-09-30 07:10;0;0;"Obama and Hillary knows America found out there corruption.Leave with your heads down.A man of honor is moving in the White House! Trump!";;;;"781632242992893953";https://twitter.com/beth6281964/status/781632242992893953
;2016-09-30 07:09;0;0;"Above me is a tower of booze. Below me is Hillary Clinton. @Hyatt Regency Chicago https://www.instagram.com/p/BK9S-d0gqUf/";;@Hyatt;;"781632067671031808";https://twitter.com/oif_vet/status/781632067671031808
;2016-09-30 07:00;0;0;"@ sissenberg You really are hard left, aren't you? Hillary will win NH, NV, NC, and Florida. If the far left chooses to sit it out";;@;;"781629813945536512";https://twitter.com/drtyronegray20/status/781629813945536512
;2016-09-30 06:54;0;0;"@ machadooficial unlike @ HillaryClinton";;@ @;;"781628332269973504";https://twitter.com/FilemonRuizP/status/781628332269973504
;2016-09-30 06:36;0;0;"I'm a registered independent voter and I'm voting for @ realDonaldTrump";;@;;"781623632267124736";https://twitter.com/FilemonRuizP/status/781623632267124736
;2016-09-30 06:08;0;0;"NEW: Michelle Obama (The First Lady ) to campaign for Hillary Clinton in Charlotte Tuesday» http://bit.ly/2dvcP1i";;;;"781616638101639168";https://twitter.com/CharlotteCP/status/781616638101639168
;2016-09-30 05:57;0;0;"# MRW I find out my "friends" are voting for Trump (or Johnson or Stein tbh ) # Hillary # ytho… https://www.instagram.com/p/BK9KsNkABxv/";;;# # #;"781613847799095296";https://twitter.com/_mdiaz19/status/781613847799095296
;2016-09-30 05:49;0;0;"JUST IN: Michelle Obama will be in Charlotte on Tuesday Oct. 4 to campaign for Hillary Clinton. Working to get deta… https://twitter.com/i/web/status/781602847741927424 …";;;;"781611902585626625";https://twitter.com/CharlotteCP/status/781611902585626625
;2016-09-30 05:40;0;0;"Me and the next president of America.Hillary Clinton.I AM WITH HER @Madame Tussauds New York https://www.instagram.com/p/BK9IwxbjSbt/";;@Madame;;"781609608007782400";https://twitter.com/patrickdokpesi/status/781609608007782400
;2016-09-30 05:31;0;0;"Bring it on Hillary. @Whitsett, Texas https://www.instagram.com/p/BK9HtPhD6pu/";;@Whitsett;;"781607288608088064";https://twitter.com/Foster2k/status/781607288608088064
;2016-09-30 05:29;0;0;"Michelle Obama to campaign for Hillary Clinton in NC on Tuesday. http://www.charlotteobserver.com/news/politics-government/campaign-tracker-blog/article104969731.html …";;;;"781606872025489408";https://twitter.com/CharlotteCP/status/781606872025489408
;2016-09-30 05:29;0;0;"JUST IN: U.S. Secretary of Labor Thomas Perez will be in PHX Saturday to campaign for Hillary Clinton. abc15… https://twitter.com/i/web/status/781593427477688320 …";;;;"781606870590992384";https://twitter.com/PhoenixCP/status/781606870590992384
;2016-09-30 05:22;0;1;"This was key Geoff/Jess it was an area feared Hillary was lagging.";;;;"781604991526199298";https://twitter.com/RobertH87748632/status/781604991526199298
;2016-09-30 04:57;3;1;"FBI Dir Comey worked in SAME law firm as Arry Gen Loretta Lynch. They actually had , @ HillaryClinton as a client! @ realDonaldTrump @ maga";;@ @ @;;"781598803841265664";https://twitter.com/NYBRUISER/status/781598803841265664
;2016-09-30 04:33;0;1;"Vote 4 Hillary!!! Latino stand up! I'm Selena Gomez and I approve this message.";;;;"781592702823469056";https://twitter.com/britgue8/status/781592702823469056
;2016-09-30 04:21;0;0;"# HillarysBodyDouble Where oh where is Hillary? Was that really Hillary at the debate";;;#;"781589645075243008";https://twitter.com/CindyLisitsin/status/781589645075243008
;2016-09-30 04:10;0;0;"Just read 'Hillary' by Jonah Winter, illustrated by Raul Colon. Students are so engaged in this… https://www.instagram.com/p/BK8-e3tjwnr/";;;;"781587005314625537";https://twitter.com/alexporrata/status/781587005314625537
;2016-09-30 03:54;0;0;"@ realDonaldTrump Donald please take a min. And explain why all the super rich donate to Hillary Clinton. How higher taxes don't affect them.";;@;;"781582832078561280";https://twitter.com/bunch_sam/status/781582832078561280
;2016-09-30 03:40;0;1;"Breaking! Hillary cheats! Ok, no big deal. Hell, she can't resist lying, either. Scum";;;;"781579479307223041";https://twitter.com/ICanPlainlySee/status/781579479307223041
;2016-09-30 03:37;0;2;"Trump: Hillary Clinton put office of Secy of State up for sale and if she ever got chance she'd put the oval office up for sale too.";;;;"781578673975599106";https://twitter.com/NickKalmanFN/status/781578673975599106
;2016-09-30 02:49;0;2;"Visit to Hillary HQ because, even though I can't vote, that doesn't mean I don't have a clear… https://www.instagram.com/p/BK81N4UAx76/";;;;"781566626323951616";https://twitter.com/Amir_G_Beshay/status/781566626323951616
;2016-09-30 02:42;0;0;""It Is Not the Mountain We Conquer, But Ourselves." - Edmond Hillary / "No es la montaña que… https://www.instagram.com/p/BK80YUlBnAp/";;;;"781564793601658880";https://twitter.com/WritingPam/status/781564793601658880
;2016-09-30 02:39;0;0;"@ PoppyHarlowCNN Why are you always looking for an equivalency? It's Donald with the woman problem. Why are you focusing on Hillary?";;@;;"781564116670435328";https://twitter.com/drtyronegray20/status/781564116670435328
;2016-09-30 02:33;0;0;"# hillaryclinton # hillaryalltheway # hillaryforpresident # hillaryforamerica # hillarykaine # hillary… https://www.instagram.com/p/BK8zVi6A4Du/";;;# # # # # #;"781562492518629376";https://twitter.com/poshcrystal532/status/781562492518629376
;2016-09-30 02:17;0;0;"@ HillaryClinton Hillary dear, how do you feel about marijuana legalization? should it continue in every state?";;@;;"781558549432246277";https://twitter.com/psmh122118/status/781558549432246277
;2016-09-30 02:16;0;0;"I Get to Listen to Fat Fuck or Hillary. Time For NPR. I'll take there 50/50 Ways.";;;;"781558310558437376";https://twitter.com/sunmooncrab/status/781558310558437376
;2016-09-30 01:45;0;0;"2 Bills. 2 RAPISTS. No wonder @ HillaryClinton accepts MILLIONS OF $$ from countries that ALLOW RAPE, TORTURE & MURDER OFF WOMEN! @ maga";;@ @;;"781550535988031488";https://twitter.com/NYBRUISER/status/781550535988031488
;2016-09-30 01:42;0;0;"@ Rhaksas But Hillary also says that the best way to stop terrorism is to seize all guns. (So I've heard)";;@;;"781549786621091840";https://twitter.com/ShirBlackspots/status/781549786621091840
;2016-09-30 01:27;0;0;"@ JohnMurphyShow 20 bucks if you mention Hillary to Fred and then go to a hard break John";;@;;"781545935042076672";https://twitter.com/DanielGabalski/status/781545935042076672
;2016-09-30 01:26;0;0;"Gun rights group holds auction for AR-15 rifle and picture of Hillary Clinton. http://bit.ly/2dCAMEj";;;;"781545586214313984";https://twitter.com/ColumbusCP/status/781545586214313984
;2016-09-30 01:23;0;0;"@ USAneedsTRUMP @ gatewaypundit yay!!! Hillary is trying so hard to get them in her corner . Divine intervention at work here ;)";;@ @;;"781544851955445762";https://twitter.com/LilVirginiaCard/status/781544851955445762
;2016-09-30 01:18;0;0;"I'm feelin Hillary Duff throwbacks are necessary at the moment. "Let the rain fall down And… https://www.instagram.com/p/BK8q0ecDexD/";;;;"781543770357633024";https://twitter.com/AmandaSweet106/status/781543770357633024
;2016-09-30 01:18;0;1;"Waiting on my flight home in Des Moines and when I get up to stretch my legs I see Hillary… https://www.instagram.com/p/BK8qxVTgx6T/";;;;"781543655727370240";https://twitter.com/themediamatters/status/781543655727370240
;2016-09-30 00:34;0;1;"@ michaelfinnny Do you want YOUR blood on @ HillaryClinton's hands, then VOTE TRUMP 4 SECURITY @ realDonaldTrump @ DRUDGE_REPORT";;@ @ @ @;;"781532642697064448";https://twitter.com/NYBRUISER/status/781532642697064448
;2016-09-30 00:31;0;0;"@ michaelfinnny @ HillaryClinton We, the AMERICAN PEOPLE will hold her to account by VOTING FOR TRUMP! @ realDonaldTrump @ maga";;@ @ @ @;;"781531818109521920";https://twitter.com/NYBRUISER/status/781531818109521920
;2016-09-30 00:31;0;0;"1| They Recently Snatched Mike Savage Off The Air for Talking About Hillary's Health Problems. But I Think They Pull Him Because of His New";;;;"781531802120761344";https://twitter.com/sunmooncrab/status/781531802120761344
;2016-09-30 00:22;0;0;"Retweet to follow RAPIST-LOVER @ HillaryClinton all the way to PRISON";;@;;"781529508859883520";https://twitter.com/NYBRUISER/status/781529508859883520
;2016-09-30 00:17;0;0;"I never liked this pope. He has dipped his feet in the cesspool of politics, which makes him no different than CRIMINAL @ HillaryClinton";;@;;"781528320856903681";https://twitter.com/NYBRUISER/status/781528320856903681
;2016-09-30 00:09;0;0;"# nevertrump hillaryclinton hillary_for_florida @ syed32701 @New York, New York https://www.instagram.com/p/BK8i6LjA3ah/";;@ @New;#;"781526367930376192";https://twitter.com/syed32701/status/781526367930376192
;2016-09-29 23:58;9;20;"It's worth remembering that the Lewinsky scandal caused a big upward spike in Hillary Clinton's favorability. http://j.mp/2dCFge9";;;;"781523473965264896";https://twitter.com/pbump/status/781523473965264896
;2016-09-29 23:41;0;0;"Just posted a photo @Hillary Clinton Campaign Headquarters https://www.instagram.com/p/BK8fvUXA5-5/";;@Hillary;;"781519396707700737";https://twitter.com/DonMcKenzie/status/781519396707700737
;2016-09-29 23:17;0;0;"Hillary Clinton can't recall important info to FBI? No problem. Gary Johnson can't recall name of Vicente Fox? DISQUALIFIED!";;;;"781513276853252097";https://twitter.com/dakotamays/status/781513276853252097
;2016-09-29 23:16;0;0;"Representing at # Home & # OnTheRoad for # HILLARY # Clinton2016 the only viable Presidential… https://www.instagram.com/p/BK8c0BlDXw2/";;;# # # #;"781512965115801600";https://twitter.com/djMickHale/status/781512965115801600
;2016-09-29 23:03;0;2;"Note Hillary's solutions purely massive tax increases and bigger unionized Federal bureaucracy";;;;"781509733832388608";https://twitter.com/ICanPlainlySee/status/781509733832388608
;2016-09-29 22:58;0;0;"# donaldtrump # hillary # election2016 # fatshaming @West Tulsa, Oklahoma https://www.instagram.com/p/BK8au4UgDVz/";;@West;# # # #;"781508387100131328";https://twitter.com/Wilhelmurg/status/781508387100131328
;2016-09-29 22:50;0;0;"# nevertrump # conartist @ realdonaldtrump hillaryclinton hillary_for_florida @ syed32701 @New… https://www.instagram.com/p/BK8Z2HeAbrx/";;@ @ @New;# #;"781506437243629569";https://twitter.com/syed32701/status/781506437243629569
;2016-09-29 22:48;0;0;"SMUG LOFTY HILLARY "OBSESSIVELY" SUBORDINATES FOLKS BY RIDICULING THEMPOMPOUS DICTATORS LAUGH AT "PURE IN HEART" CHRISTIANS";;;;"781505837974061056";https://twitter.com/0JANETCOOLEY0/status/781505837974061056
;2016-09-29 22:37;0;0;"Calgary trends now: OPEC, Montreal, Hillary Clinton, Hoboken, B.C. LNG, BBOTT and EnactusWorldCup. http://toplocalnow.com/ca/calgary?section=trends …";;;;"781503070857342976";https://twitter.com/CalgaryCP/status/781503070857342976
;2016-09-29 22:34;0;1;"PLEASE..! First Lady save us.";;;;"781502477166256128";https://twitter.com/MaNana123isme/status/781502477166256128
;2016-09-29 22:29;0;0;"Great event with @ joyannreid this morning talking politics, race, Trump, Hillary. Really… https://www.instagram.com/p/BK8XbxShM3u/";;@;;"781501138205933570";https://twitter.com/campbellspencer/status/781501138205933570
;2016-09-29 22:23;0;0;"STOP SMUG HILLARY FRM ERODING R AMERICAN VALUES BASED ON KIND TEACHINGS OF CHRIST(LIFE-LIBERTY-JUSTICE-PEACE)";;;;"781499764835745792";https://twitter.com/0JANETCOOLEY0/status/781499764835745792
;2016-09-29 22:23;0;0;"The Baltimore Sun's editorial board has endorsed Hillary Clinton for president. via… https://twitter.com/i/web/status/781487262487945216 …";;;;"781499545087713281";https://twitter.com/BaltimoreCP/status/781499545087713281
;2016-09-29 22:17;0;0;"Uncle Norm inspired by Katy Perry's Roar and # Hillary & # Bernie yesterday, representing… https://www.instagram.com/p/BK8WGP2A5SX/";;;# #;"781498194505134080";https://twitter.com/leah_quimby/status/781498194505134080
;2016-09-29 21:59;0;0;"# donaldtrump # hillary # election2016 # themuppets # misspiggy @West Tulsa, Oklahoma https://www.instagram.com/p/BK8T9RAAoOu/";;@West;# # # # #;"781493488584130560";https://twitter.com/Wilhelmurg/status/781493488584130560
;2016-09-29 21:57;0;0;"# donaldtrump # hillary # hillaryclinton # election2016 # fatshaming @West Tulsa, Oklahoma https://www.instagram.com/p/BK8TupkAvLU/";;@West;# # # # #;"781492986630770692";https://twitter.com/Wilhelmurg/status/781492986630770692
;2016-09-29 21:13;0;0;"How about we women blitz trump on Twitter if he attacks Hillary on what Bill did. Typical for a male to blame a wife.";;;;"781482070920929280";https://twitter.com/ejgabriel9/status/781482070920929280
;2016-09-29 21:09;0;0;"Llamenme Hillary ojeras @UMM facultad de educación https://www.instagram.com/p/BK8OUCTBprImq0Td7D4uXiXMTEH2xv9chH66TA0/ …";;@UMM;;"781481082357035009";https://twitter.com/_HillarySweet/status/781481082357035009
;2016-09-29 21:09;0;0;"Mi único souvenir del gabacho # teamhillary # mask # halloween # hillary @ChampionsGate, Florida https://www.instagram.com/p/BK8OPD8ANaw/";;@ChampionsGate;# # # #;"781480905349169152";https://twitter.com/danniarba/status/781480905349169152
;2016-09-29 21:07;0;0;"http://www.thegatewaypundit.com/2016/09/omg-leftist-mob-beats-kicks-pummels-trump-supporter-wearing-maga-hat-saved-police-caught-video/ … # MSM focuses on # Hillary's agitprop-fueled 'violence' at # Trump rallies- Ignoring REAL thuggery by HER supporters!";;;# # #;"781480590067441664";https://twitter.com/xtrabiggg/status/781480590067441664
;2016-09-29 21:06;0;0;"Shot out to Hillary/you know that Bish the Billy!!!!! # 2pac2pac @… https://www.instagram.com/p/BK8N__OgvBjbmWpbM38XsGu9rHfulUFhNaPEK00/ …";;@;#;"781480387403022337";https://twitter.com/Abdul_Amiyr/status/781480387403022337
;2016-09-29 21:05;0;0;"So Trump is drowning in his own verbal political vomit and he brings up Hillary's pneumonia? While he had "snphilis"? Wow...he's pathetic!";;;;"781479961097973761";https://twitter.com/ejgabriel9/status/781479961097973761
;2016-09-29 20:45;0;0;"... And if you don't like "The Donald" or Hillary then VOTE INDEPENDENT!!!! You DO have a… https://www.instagram.com/p/BK8LfRHBC46/";;;;"781474869099704320";https://twitter.com/GRANNY24X7/status/781474869099704320
;2016-09-29 20:09;0;1;"the only liar is you. You are so pathetic. You cant do anything on your own. You need so many handlers and the media to help";;;;"781465861387354112";https://twitter.com/BigBassettHound/status/781465861387354112
;2016-09-29 20:05;0;0;"No one cares for @ HillaryClinton @ realDonaldTrump, y another white president? US, COLORs still get disrespected, when will it, Stop?!@World";;@ @ @World;;"781464987940245505";https://twitter.com/AsdzaaTsidii/status/781464987940245505
;2016-09-29 20:02;0;0;"Skelton: Hillary Clinton was the matador to Donald Trump's bull in first presidential debate http://lat.ms/2dnhAcw";;;;"781464100249350144";https://twitter.com/LosAngelesCP/status/781464100249350144
;2016-09-29 19:35;0;0;"Hillary & Obama !!! # hillary # hillaryclinton # hillary2016 # obama # obama2016 # barackobama… https://www.instagram.com/p/BK8DhwxgQC0/";;;# # # # # #;"781457358581006336";https://twitter.com/mfvachon/status/781457358581006336
;2016-09-29 19:26;0;0;"A review of Donald Trump-Hillary Clinton debate claims on JS on Politics webcast, live at noon Central Thursday. http://jsonl.in/iMNW304D0zJ";;;;"781455119191646209";https://twitter.com/MilwaukeeCP/status/781455119191646209
;2016-09-29 19:17;0;0;"If You're Liberal and You Think Hillary Clinton Is Corrupt and Untrustworthy, You're Rewarding 25 Years of GOP Smears";;;;"781452786017853440";https://twitter.com/CAJUNTEXLADY/status/781452786017853440
;2016-09-29 18:55;0;0;"Hillary @E. Setauket https://www.instagram.com/p/BK7-7uyD7-i/";;@E;;"781447258143354881";https://twitter.com/PauINehIen/status/781447258143354881
;2016-09-29 18:00;0;0;"Hillary Clinton was the matador to Donald Trump's bull in first presidential debate http://www.latimes.com/politics/la-pol-sac-skelton-presidential-debate-hillary-clinton-donald-trump-20160929-snap-story.html …";;;;"781433523529846784";https://twitter.com/CAJUNTEXLADY/status/781433523529846784
;2016-09-29 15:01;0;0;"HILLARY OBSESSED WTH HILLARY PERIODSO SELF-CENTERED SHE SEEMS 2 THINKS VICTIMS OF CRIME & TERROISM JUST COLLATERAL DAMAGE";;;;"781388327106871296";https://twitter.com/0JANETCOOLEY0/status/781388327106871296
;2016-09-29 14:51;0;0;"My friends, we need to do everything we can to make sure Hillary wins. It is not going to be a… https://www.instagram.com/p/BK7jCWEjlGU/";;;;"781385912966152193";https://twitter.com/JanMAlejandro/status/781385912966152193
;2016-09-29 14:50;0;0;"FACT THAT HILLARY HAD AUDACITY 2 "HEHAW LAUGH" ABT PHYSICALLY INJURED CHILD RAPE VICTIM SHOULD MAKE ANYONE'S BLOOD RUN COLD";;;;"781385657268789248";https://twitter.com/0JANETCOOLEY0/status/781385657268789248
;2016-09-29 14:42;0;0;"DO U THINK PART OF THE REASON FBI DOESN'T WANT "US" 2 KNOW TRUTH ABT HILLARY'S E-MAILS CAUSE OBAMA MIGHT B INVOLVED?????";;;;"781383675590111233";https://twitter.com/0JANETCOOLEY0/status/781383675590111233
;2016-09-29 14:29;0;0;"GREAT DEBATES 4 TRUMP IF HE PAYS HILLARY'S "POMPOUS NON-SENSE" NO MINDDON'T EVEN LOOK AT HER 4 "OWN" PEACE OF MIND";;;;"781380465819283456";https://twitter.com/0JANETCOOLEY0/status/781380465819283456
;2016-09-29 14:20;0;0;"TELL TRUMP NOT SMART 2 GO AFTER HILLARY ON BILLS AFFAIRSMANY FEEL SORRY 4 HILLARY ON THISHAS "PLENTY" OF HER OWN BAGGAGE";;;;"781378127087988736";https://twitter.com/0JANETCOOLEY0/status/781378127087988736
;2016-09-29 14:11;0;0;"Arizona Republic receives death threats after endorsing Hillary Clinton http://12ne.ws/2dgcWi9";;;;"781375732454830080";https://twitter.com/PhoenixCP/status/781375732454830080
;2016-09-29 14:08;0;0;"PETTY HILLARY CONDEMNS TRUMP (FORGOT MANNERS) NAME CALLING(HAVEN'T WE ALL)ITS PROTECTING LIVES-LIBERTY-PEACE THAT MATTERS";;;;"781375114734604288";https://twitter.com/0JANETCOOLEY0/status/781375114734604288
;2016-09-29 13:53;0;0;"DON'T GO AFTER HILLARY 4 BILLS AFFAIRSMANY FEEL SORRY 4 HER ON THISGET HER ON "LAUGHING" ABT RAPED CHILD";;;;"781371209074212864";https://twitter.com/0JANETCOOLEY0/status/781371209074212864
;2016-09-29 13:51;0;0;"Stronger Together - @ HillaryClinton, @ timkaine, I’m really glad to find your book on # iBooks! https://itun.es/us/PiX-db.l";;@ @;#;"781370770731724800";https://twitter.com/wholeexpanse/status/781370770731724800
;2016-09-29 13:31;0;0;"Hillary Clinton has pulled out her secret weapon. http://on.kens5.com/2duqlpY";;;;"781365706361233408";https://twitter.com/SanAntonioCP/status/781365706361233408
;2016-09-29 13:18;0;0;"HARD 2 BELEIVE HILLARY PASSED KINDERGARTEN SHOCKING THAT R SECURITY & ECONOMIC DISASTERS R TOTALLY FOREIGN 2 HERTRAVESTY";;;;"781362455507263489";https://twitter.com/0JANETCOOLEY0/status/781362455507263489
;2016-09-29 13:00;0;0;"@ GoWithItJam @ HillaryClinton @ billclinton @ atensnut. Any news that's actually new ?";;@ @ @ @;;"781357905991835648";https://twitter.com/patricia_malley/status/781357905991835648
;2016-09-29 12:18;0;0;"yes go ahead and @ HillaryClinton Will mention Marla Maples";;@;;"781347441262071809";https://twitter.com/MsJennAnn/status/781347441262071809
;2016-09-29 12:06;0;1;"Well, get used to the sound bite, "The 45th POTUS, Hillary Rodham Clinton."";;;;"781344312424402945";https://twitter.com/charleslfreemn/status/781344312424402945
;2016-09-29 11:42;0;0;"In Waukesha tonight, Donald J. Trump called Hillary Clinton a "globalist" who had "failed at everything" http://jsonl.in/d4h2304Fz2V";;;;"781338238615027712";https://twitter.com/MilwaukeeCP/status/781338238615027712
;2016-09-29 11:12;0;1;"How @ realDonaldTrump stop talkin shit bout Hillary Clinton and worry bout yo dam self # FuckDonaldTrump # VoteHillary";;@;# #;"781330706223902720";https://twitter.com/j_ezzy_/status/781330706223902720
;2016-09-29 11:09;0;0;"Weak, needs more backbone just like Hillary. # trumpb... (Citra & Lemon Peel: Watermelon & Tequila) http://untp.beer/s/c365556386";;;#;"781330037228314624";https://twitter.com/jephilip/status/781330037228314624
;2016-09-29 10:56;0;0;"https://m.youtube.com/watch?v=A9jhD_W0p1o … Achmed the dead terrorist on why Jeff Dunham won't make fun of # Hillary.";;;#;"781326657873326080";https://twitter.com/xtrabiggg/status/781326657873326080
;2016-09-29 10:46;1;1;"@ billclinton do you know it is only those who are impotent in every way that rape women! @ HillaryClinton @ realDonaldTrump @ iAmFreedomMan";;@ @ @ @;;"781324209079263232";https://twitter.com/NYBRUISER/status/781324209079263232
;2016-09-29 10:37;0;0;"Former Virginia Sen. John Warner crosses party lines to endorse Hillary Clinton for president. http://nbc4dc.com/1ngu9Lh";;;;"781321987633221632";https://twitter.com/WashingtonCP/status/781321987633221632
;2016-09-29 10:14;0;0;"At this point, @ HillaryClinton should WANT Gary Johnson on the stage for the second debate. https://twitter.com/nytpolitics/status/781315360205275136 …";;@;;"781316293584687104";https://twitter.com/BillBarrowAP/status/781316293584687104
;2016-09-29 09:40;2;1;"Americans want to see emails between TRAITOR @ BarackObama & CROOKED @ HillaryClinton! @ realDonaldTrump @ iAmFreedomMan @ DRUDGE_REPORT";;@ @ @ @ @;;"781307597810835456";https://twitter.com/NYBRUISER/status/781307597810835456
;2016-09-29 09:36;0;1;"One word answer: NO! He spent the entire time talking about Hillary! https://twitter.com/kharyp/status/781300817202667520 …";;;;"781306582843793408";https://twitter.com/VictoriaInPhx/status/781306582843793408
;2016-09-29 09:34;0;0;". Awesome. Good to hear.";;;;"781306057834524673";https://twitter.com/KurtRobson101/status/781306057834524673
;2016-09-29 09:33;0;0;"# Hillary looked great at the # Debate, but just like # Trump, there is always room for… https://www.instagram.com/p/BK6ffp4DDE5/";;;# # #;"781305974590242818";https://twitter.com/JasonEmerMD/status/781305974590242818
;2016-09-29 09:27;0;0;"@ RobbyMook If Trump brings up anything on Bill, please have Hillary to say this and nothing more: When they go low, we go high. Smile.";;@;;"781304481187176448";https://twitter.com/drtyronegray20/status/781304481187176448
;2016-09-29 09:19;0;0;"Just posted a photo @Hillary Clinton Campaign Headquarters https://www.instagram.com/p/BK69CzoAQov/";;@Hillary;;"781302406646796289";https://twitter.com/Dominickai/status/781302406646796289
;2016-09-29 09:17;0;0;"I am so ready to vote for Hillary and can't wait to call her Madame President!… https://www.instagram.com/p/BK68IMMAlm2/";;;;"781301819284852736";https://twitter.com/Arlene_Murray/status/781301819284852736
;2016-09-29 09:13;0;0;"" @ Ricky_Vaughn99: " OFFS- Google put together # Hillary's Tech Team! "You know that he hypnotized never lie... Do ya?" -P. Townsend";;@;#;"781300960417030144";https://twitter.com/xtrabiggg/status/781300960417030144
;2016-09-29 09:11;0;0;"@ MegynKellyFox what about Hillary's earpiece. She got answers from it. What about the device she had under her jacket.";;@;;"781300329774063616";https://twitter.com/patcaron15/status/781300329774063616
;2016-09-29 09:03;1;0;"Trump sure does fill the room. No matter how big. Hillary has to pay her staff to attend her little rallies.";;;;"781298255200002048";https://twitter.com/jkruzel25/status/781298255200002048
;2016-09-29 08:56;0;0;"Hillary = Thirty years of doing nothing. That's the working man's avg life of working. Is that exceptional ? NOT !";;;;"781296546637750272";https://twitter.com/jkruzel25/status/781296546637750272
;2016-09-29 08:53;0;1;"Thank you @ HillaryClinton";;@;;"781295882981543936";https://twitter.com/KYCara/status/781295882981543936
;2016-09-29 08:32;0;0;"not to say he couldn't have answered it better, he's not polished like Hillary, he's just a better human being.";;;;"781290542110019584";https://twitter.com/dakotamays/status/781290542110019584
;2016-09-29 08:17;0;0;"Hillary Clinton makes no secret of wanting to use the powers of the presidency to further distort... --Yuval Levin, @ RameshPonnuru 1/2";;@;;"781286857891909632";https://twitter.com/rgiove/status/781286857891909632
;2016-09-29 08:12;0;0;"As Waukesha rally awaits Donald Trump, a look at Hillary Clinton’s Truth-O-Meter record. https://twitter.com/i/web/status/781276500804898816 …";;;;"781285383782830081";https://twitter.com/MilwaukeeCP/status/781285383782830081
;2016-09-29 08:11;0;0;"@ realDonaldTrump- A # Disrupter: Tears& rebuilds better than before. @ HillaryClinton- A # Corruptor: Everything she touches is degraded.";;@ @;# #;"781285146435678212";https://twitter.com/xtrabiggg/status/781285146435678212
;2016-09-29 08:03;0;0;"Hillary didn't win the debate cause there was no debate All one sided.Questions were phony.";;;;"781283226287431680";https://twitter.com/jkruzel25/status/781283226287431680
;2016-09-29 08:01;1;7;"Another amazing phone bank in Weston with volunteers excited to help elect @ HillaryClinton as our 45th POTUS! pic.twitter.com/MtHrfdrmNh";;@;;"781282770861563904";https://twitter.com/OMFGio/status/781282770861563904
;2016-09-29 07:59;0;0;"Hillary you and Lester should be punished for cheating!!";;;;"781282301770502144";https://twitter.com/FrankVentura8/status/781282301770502144
;2016-09-29 07:56;0;0;"I'm at Bill and Hillary Clinton National Airport (LIT) - @ litairport in Little Rock, AR https://www.swarmapp.com/c/fztu3pYF3Fp";;@;;"781281577703731201";https://twitter.com/Jackson4s/status/781281577703731201
;2016-09-29 07:56;0;0;"I still don't believe B.H.O was brn here. Never will. And who is Barry Satoro? Another fraud just like Hillary.";;;;"781281458933551104";https://twitter.com/jkruzel25/status/781281458933551104
;2016-09-29 07:53;0;0;"Milwaukee trends now: Hillary Clinton, Beans, The Lion King, NationalDrinkBeerDay and debatenight. http://toplocalnow.com/us/milwaukee?section=trends …";;;;"781280593862651904";https://twitter.com/MilwaukeeCP/status/781280593862651904
;2016-09-29 07:42;0;0;"Trump criticised a beauty queen who gained too much wt. At least he was honest. Hillary called millions deplorable but that's ok??????";;;;"781278040626122752";https://twitter.com/jkruzel25/status/781278040626122752
;2016-09-29 07:34;0;0;"The first chants of "Lock her up!" cascade around the expo center as a Wisconsin state rep mentions Hillary… http://toplocalnow.com/us/milwaukee";;;;"781275828453728256";https://twitter.com/MilwaukeeCP/status/781275828453728256
;2016-09-29 07:31;0;0;"# donaldtrump # hillary # hillaryclinton # muppets # misspiggy # missuniverse # election2016 @West… https://www.instagram.com/p/BK6wq2aAHVx/";;@West;# # # # # # #;"781275152646569984";https://twitter.com/Wilhelmurg/status/781275152646569984
;2016-09-29 07:25;0;0;"Anyone could have memorized the questions but only Hillary had the opportunity. Rigged system.";;;;"781273744425844736";https://twitter.com/RachelS49370533/status/781273744425844736
;2016-09-29 07:24;0;1;"Majority of Americans do NOT want # Hillary # Clinton. Propped up by WallStreet # Banksters & the # MSM they control, she'll steal the election.";;;# # # #;"781273444210081792";https://twitter.com/xtrabiggg/status/781273444210081792
;2016-09-29 07:21;0;0;"Hey American Republic-been nice knowing ya. After # Hillary steals-er... Is 'elected', transition2 # BananaRepublic will b complete. # Corrupt";;;# # #;"781272586126823424";https://twitter.com/xtrabiggg/status/781272586126823424
;2016-09-29 07:20;3;6;"Bernie Sanders joins Hillary Clinton on the campaign trail in Durham, New Hampshire. @… https://www.instagram.com/p/BK6vXGHASe8/";;@;;"781272275551129600";https://twitter.com/SabrinaSiddiqui/status/781272275551129600
;2016-09-29 07:18;1;1;"@ loudobbs What I learned from # FBI's # Comey: Justice isn't blind. She's been bound & gagged & thrown into the back of # Hillary's Scooby Van.";;@;# # #;"781271856749785088";https://twitter.com/xtrabiggg/status/781271856749785088
;2016-09-29 07:17;0;0;"@ adamsmithtimes African American will turn out overwhelmingly for Hillary. You haven't got a clue.";;@;;"781271541124182016";https://twitter.com/drtyronegray20/status/781271541124182016
;2016-09-29 07:15;0;0;"About the debates... # hillary # hillaryclinton # imwithher # bestcandidate # president… https://www.instagram.com/p/BK6u1vAjMMP/";;;# # # # #;"781271128958504960";https://twitter.com/LadyChampagneB/status/781271128958504960
;2016-09-29 07:14;0;0;"Millenials reject crooked Hillary in spite Sanders trying to persuade them and baiting them with debt free college.";;;;"781270792025677824";https://twitter.com/sergiorodriguer/status/781270792025677824
;2016-09-29 07:12;1;1;"Free college babysitting classes. Why not wait till 30 something to join the work force. That's Hillary's plan. Burden on parents.";;;;"781270307579400192";https://twitter.com/jkruzel25/status/781270307579400192
;2016-09-29 06:52;0;0;"https://youtu.be/CI_GCiRnpSk God please deliver us from evil(ie)Hillary Rodham Clinton.";;;;"781265258556121089";https://twitter.com/tmmaddox2_m/status/781265258556121089
;2016-09-29 06:51;0;0;"Earpiece worn by Hillary for answers,devices under jacket";;;;"781265205913235456";https://twitter.com/patcaron15/status/781265205913235456
;2016-09-29 06:51;0;0;"# donaldtrump # hillary # hillaryclinton # election2016 # missuniverse @West Tulsa, Oklahoma https://www.instagram.com/p/BK6sHPSgPJu/";;@West;# # # # #;"781265132924051456";https://twitter.com/Wilhelmurg/status/781265132924051456
;2016-09-29 06:02;0;0;"@ chucktodd You played a clip that show the audience laughing when Hillary's name was mentioned with trustworthiness. Did you hear the";;@;;"781252660078850049";https://twitter.com/drtyronegray20/status/781252660078850049
;2016-09-29 05:58;0;0;"I'm at Bill and Hillary Clinton National Airport (LIT) - @ litairport in Little Rock, AR https://www.swarmapp.com/c/hKNzUSB4RZx";;@;;"781251654242996225";https://twitter.com/JuddPDeere/status/781251654242996225
;2016-09-29 05:40;0;0;"Milwaukee trends now: Hillary Clinton, Beans, The Lion King, NationalDrinkBeerDay and debatenight. http://toplocalnow.com/us/milwaukee?section=trends …";;;;"781247250693402625";https://twitter.com/MilwaukeeCP/status/781247250693402625
;2016-09-29 05:33;0;0;"@ HillaryClinton accepts money from countries where it is ok to rape women. Like minds think alike. She is married to rapist @ billclinton!";;@ @;;"781245433418911744";https://twitter.com/NYBRUISER/status/781245433418911744
;2016-09-29 05:25;0;0;"But it is ok for @ HillaryClinton donors to MURDER LESBIANS!";;@;;"781243493326786560";https://twitter.com/NYBRUISER/status/781243493326786560
;2016-09-29 05:24;0;0;"But for @ HillaryClinton, it is ok to stone women to death. Ask her donors!";;@;;"781243328243249153";https://twitter.com/NYBRUISER/status/781243328243249153
;2016-09-29 05:22;0;0;""Make no mistake about it, this is a revolutionary proposal," Bernie Sanders said of Hillary Clinton's college plan… https://twitter.com/i/web/status/781234975416852481 …";;;;"781242613227593728";https://twitter.com/Boston_CP/status/781242613227593728
;2016-09-29 05:18;0;1;"seanhannity @ realdonaldtrump I watched Hillary's new ad about… https://www.instagram.com/p/BK6hb3yAIcwTud79Fbn5Ba2UHABbGNLQHe93nI0/ …";;@;;"781241651826192384";https://twitter.com/ConservativeDia/status/781241651826192384
;2016-09-29 05:13;0;2;"Hillary Clinton. Known for deleting emails.";;;;"781240465043533824";https://twitter.com/morinap/status/781240465043533824
;2016-09-29 05:09;3;5;"i'm supporting Hillary Clinton in this election despite my deep feelings of abhorrence for how… https://www.instagram.com/p/BK6gZkwBknu/";;;;"781239394405494785";https://twitter.com/Zayyo_/status/781239394405494785
;2016-09-29 05:05;0;0;"@ GREGSTOCKER A tweet went 2 zuckerberg asking how to get Hillary off Twitter Zuckerberg responded";;@;;"781238521545777152";https://twitter.com/LgLgarris62/status/781238521545777152
;2016-09-29 05:02;1;0;"Lmao RT @ HillaryClinton: Enter to win: meet Pusha T. Register to vote and you’re automatically entered to win. https://cards.twitter.com/cards/18ce53zrgzb/2a6zz …";;@;;"781237737429041152";https://twitter.com/jaydeezay/status/781237737429041152
;2016-09-29 04:44;0;0;"@ HillaryClinton If Hillary Clinton is elected POTUS she will nominate Obama to the Supreme Court 4 life. Another reason to vote for Trump!!";;@;;"781233147195355136";https://twitter.com/EdDavis7/status/781233147195355136
;2016-09-29 04:44;0;1;"Milwaukee trends now: Hillary Clinton, Townville, The Lion King, Beans, Pepe the Frog, S.C., OPEC, debatenight and… http://toplocalnow.com/us/milwaukee?section=trends …";;;;"781233033202446337";https://twitter.com/MilwaukeeCP/status/781233033202446337
;2016-09-29 04:31;0;0;"If this were "Hillary for Parking" I'd question her urban agenda # CambMA @Lafayette Square https://www.instagram.com/p/BK6cDG2gATr/";;@Lafayette;#;"781229806427967488";https://twitter.com/stannenb/status/781229806427967488
;2016-09-29 04:30;0;0;"What of @ HillaryClinton's treatment of women. She THREATENED sex assault victims to prevent them from testifying-aginst @ billclinton!";;@ @;;"781229552861184000";https://twitter.com/NYBRUISER/status/781229552861184000
;2016-09-29 04:27;0;0;"@ politico @ anniekarni STUPID QUESTION. @ realDonaldTrump EARNED his $$.- @ HillaryClinton engaged in BRIBERY TO MAKE $$";;@ @ @ @;;"781228868510232576";https://twitter.com/NYBRUISER/status/781228868510232576
;2016-09-29 04:26;0;0;"Bernie Sanders is campaigning with Hillary Clinton in New Hampshire http://bos.gl/7msLABN";;;;"781228510752886786";https://twitter.com/Boston_CP/status/781228510752886786
;2016-09-29 04:22;0;0;"@ TheFix How voters like myself feel about Hillary, she was unfazed about her nasty remarks to Trump, now she's got it coming. Fair game";;@;;"781227521429733377";https://twitter.com/sergiorodriguer/status/781227521429733377
;2016-09-29 04:19;0;0;"http://freebeacon.com/issues/weiner-father-law-exposed/ … Father of @ humaabedin ( @ HillaryClinton's top assistant,) ties to Saudia Arabia, sharia Law! @ realDonaldTrump @ maga";;@ @ @ @;;"781226929223454721";https://twitter.com/NYBRUISER/status/781226929223454721
;2016-09-29 04:17;0;1;"The horror! RT @ TheFix: "She had a smug little look on her face." -- Rep. Chris Collins (R) on Hillary Clinton in the debate.";;@;;"781226255232462848";https://twitter.com/BillBarrowAP/status/781226255232462848
;2016-09-29 04:12;0;0;"I liked the red outfit better. Hillary looked great in it. (@Shorewood Housing) https://www.swarmapp.com/c/cdywXEYMbWH pic.twitter.com/XveNWq6bSg";;@Shorewood;;"781225064494665728";https://twitter.com/ZenDoc/status/781225064494665728
;2016-09-29 04:06;0;0;"Citizens of the United States young voters millennials we are faced with a crisis please vote for Hillary Clinton Donald Trump is not fit";;;;"781223525084377089";https://twitter.com/rfondren52/status/781223525084377089
;2016-09-29 04:05;0;0;"Just spoke with t-shirt vendor from N. Carolina; says "Hillary for Prison" shirts are the big seller FOX6 News… http://toplocalnow.com/us/milwaukee";;;;"781223355252740096";https://twitter.com/MilwaukeeCP/status/781223355252740096
;2016-09-29 03:59;0;1;"we'll be doing this when trump looses to Hillary Clinton.";;;;"781221770682437633";https://twitter.com/allen957forreal/status/781221770682437633
;2016-09-29 03:54;1;2;"Look, Feel the Bern is talking and Hillary is sleeping. Great venue # democrats and stellar… https://www.instagram.com/p/BK6X0mxg_BI/";;;#;"781220512550838272";https://twitter.com/DocDocrocks/status/781220512550838272
;2016-09-29 03:46;0;0;"Milwaukee trends now: Hillary Clinton, Lion King, Pepe the Frog, Beans, OPEC, AllMaleReboots and debatenight. http://toplocalnow.com/us/milwaukee?section=trends …";;;;"781218581438603264";https://twitter.com/MilwaukeeCP/status/781218581438603264
;2016-09-29 03:40;0;0;"# Hillary speaking live, asking people to input personal info on HER WEBSITE! That should work out well, based on past experience...";;;#;"781217063771570176";https://twitter.com/xtrabiggg/status/781217063771570176
;2016-09-29 03:16;0;1;"Hillary getting desperate if shed wheeling Bernie up on stage to shill for her lel. Pander to them millenials!";;;;"781211095138578432";https://twitter.com/KClarkSC2/status/781211095138578432
;2016-09-29 02:50;0;0;"Tonight in # THRIVEHBC we're breaking down Hillary Scott's "Thy Will Be Done" in the first night… https://www.instagram.com/p/BK6QkAehxmd/";;;#;"781204556952637440";https://twitter.com/ScottyBishop/status/781204556952637440
;2016-09-29 02:49;0;0;"…and Trump spitting back unrecognizable garbage. It’d be an apt metaphor.";;;;"781204269454200832";https://twitter.com/Captain_Strongo/status/781204269454200832
;2016-09-29 02:49;0;0;"Milwaukee trends now: Hillary Clinton, Lion King, Pepe the Frog, Pères, AllMaleReboots and debatenight. http://toplocalnow.com/us/milwaukee?section=trends …";;;;"781204156740612097";https://twitter.com/MilwaukeeCP/status/781204156740612097
;2016-09-29 02:46;0;0;"I’d actually rather enjoy that.";;;;"781203456837185536";https://twitter.com/Captain_Strongo/status/781203456837185536
;2016-09-29 02:25;0;0;"Grant Woods, former GOP attorney general, endorses Hillary Clinton for president http://azc.cc/2cLdHQV";;;;"781198201336438784";https://twitter.com/PhoenixCP/status/781198201336438784
;2016-09-29 02:17;0;0;"After re-watching the debate, # ConspiracyTheory is PROVED: # Hillary a condescending elitist preprogrammed blowhard stuck in 1990's Politics!";;;# #;"781196134962245632";https://twitter.com/xtrabiggg/status/781196134962245632
;2016-09-29 02:11;1;0;"" @ AnthonyAbides: Dayum pic.twitter.com/kNOH77LGzb" What's # Hillary Gonna Do-ATTACK her? Again?";;@;#;"781194625478340608";https://twitter.com/xtrabiggg/status/781194625478340608
;2016-09-29 02:01;0;0;"A fanatic Trump supporter strips in protest. # donaldtrump # hillary # president # clinton # trump… https://www.instagram.com/p/BK6K9YNhnlQ/";;;# # # # #;"781192229566029824";https://twitter.com/BrianSommer17/status/781192229566029824
;2016-09-29 01:58;0;0;"We won't forget Benghazi Hillary..... from space_invaders__ - # evil # corrupt # lies # liar… https://www.instagram.com/p/BK6Knn0jq6g/";;;# # # #;"781191479414980609";https://twitter.com/ProjectWarPath/status/781191479414980609
;2016-09-29 01:54;0;0;"Hillary's plane! # imwithher @Newark Liberty International Airport https://www.instagram.com/p/BK6KGyzA44O/";;@Newark;#;"781190349888884736";https://twitter.com/Pamela_Newberry/status/781190349888884736
;2016-09-29 01:44;0;0;"We are not with the lying crook Hillary http://www.LyingCrookedHillary.com";;;;"781187923865579525";https://twitter.com/ObamaTax/status/781187923865579525
;2016-09-29 01:37;0;0;"Forget Hillary and Donald for a moment. Watch this instead.. http://www.davidjohnwood.com/blog/2016/9/28/forget-hillary-and-donald-for-a-moment-watch-this-instead …";;;;"781186034373578752";https://twitter.com/DavidJ_Wood/status/781186034373578752
;2016-09-29 01:34;0;0;"Milwaukee trends now: Hillary Clinton, Lion King, Pepe the Frog, AllMaleReboots and debatenight. http://toplocalnow.com/us/milwaukee?section=trends …";;;;"781185374139748352";https://twitter.com/MilwaukeeCP/status/781185374139748352
;2016-09-29 01:34;0;0;"@ Hillary_esp la experiencia en el gobierno se vio clara y contundente ante la estupidez e ignorancia de alguien que abusa de los latinos";;@;;"781185211631476737";https://twitter.com/charly200401/status/781185211631476737
;2016-09-29 01:33;0;0;"" @ kausmickey: " # Hillary's # PrettyHateMachine # JournOlist tentacles will deny, deflect & bury. As they do with ALL her corrupt contacts.";;@;# # #;"781185037974638593";https://twitter.com/xtrabiggg/status/781185037974638593
;2016-09-29 01:23;0;0;"BEN CARSON WANTED HILLARY TO GET AND RELEASE A MRI & CT SCANS. SO NOW HOWARD DEAN TALKS POSSIBLE COKE SNIFFER, AND THE DONALD CRIES.";;;;"781182431621709824";https://twitter.com/ejgabriel9/status/781182431621709824
;2016-09-29 01:14;2;5;"" @ TwitchyTeam: http://buff.ly/2d9UBEX " EpicFail4 # Hillary # Trolls trying2 slag MissUSA2014 @ MadisonGesiotto. Articulate&Honest-unlikeOTHERS";;@ @;# #;"781180366832873476";https://twitter.com/xtrabiggg/status/781180366832873476
;2016-09-29 01:14;0;0;"Hillary failed as secretary of state — why would president be any different? http://nyp.st/2cVSRfm";;;;"781180298780258305";https://twitter.com/NewYorkCP/status/781180298780258305
;2016-09-29 01:08;0;0;"Donald J. Trump or Hillary Clinton for president? Our ed board has a history-making endorsement:… https://twitter.com/i/web/status/781162054082322432 …";;;;"781178821999333376";https://twitter.com/PhoenixCP/status/781178821999333376
;2016-09-29 01:05;1;1;"Really @ JamesComeyFBI @ FBI You're Proud that @ HillaryClinton committed Treason???? And You did nothing about it.n WTH? Resign!!!!!!!!";;@ @ @;;"781177927530524672";https://twitter.com/angelamcknight9/status/781177927530524672
;2016-09-29 00:39;0;0;"" @ azcentral: The Arizona Republic ed board has endorsed @ HillaryClinton. http://azc.cc/2cU6onV via @ azcopinions # elections2016" # ohsnap";;@ @ @;# #;"781171573814235136";https://twitter.com/CalifFrog/status/781171573814235136
;2016-09-29 00:32;0;0;"Yo if you don't want to vote for Hillary or Donald Trump you might as will take some time out of… https://www.instagram.com/p/BK6AwadBzv0/";;;;"781169795500691460";https://twitter.com/TayDaBul/status/781169795500691460
;2016-09-29 00:32;0;0;"NOW: Michelle Obama campaigns for Hillary Clinton at Lasalle Univ. 6abc - http://6abc.cm/219KWwm";;;;"781169623727079424";https://twitter.com/PhiladelphiaCP/status/781169623727079424
;2016-09-29 00:32;0;0;"Milwaukee trends now: Hillary Clinton, Lion King, Shimon Peres, Pepe the Frog, AllMaleReboots and debatenight. http://toplocalnow.com/us/milwaukee?section=trends …";;;;"781169609973956613";https://twitter.com/MilwaukeeCP/status/781169609973956613
;2016-09-29 00:27;0;1;"Then you are disqualified too for your bullying of your husband's victims. # MAGA";;;#;"781168457958109184";https://twitter.com/milliman/status/781168457958109184
;2016-09-29 00:26;0;0;""SUPERB WIN"EVENTUALLY HILLARY "EXASPERATED" US ALL WTH HER "POMPOUS NON-SENSE"IGNOR HER 4 PEACE OF MIND";;;;"781168232103342080";https://twitter.com/0JANETCOOLEY0/status/781168232103342080
;2016-09-29 00:16;0;1;"Former Colorado Senator Mark Udall sharing with # oiarendezvous what a Hillary Clinton… https://www.instagram.com/p/BK5-7HJh-Nj/";;;#;"781165766238273536";https://twitter.com/davepetri/status/781165766238273536
;2016-09-29 00:02;1;1;"Not even CLOSE. SILLARY Hillary. # hillaryforprison2016 # trumpforpresident # trump2016 @XSport… https://www.instagram.com/p/BK59V58jkeR/";;@XSport;# # #;"781162283531640832";https://twitter.com/GregTosto/status/781162283531640832
;2016-09-29 00:00;0;3;"Waiting in the throng of excitement to # PinkOutTheVote w # Hillary and # Bernie # ImWithHer @… https://www.instagram.com/p/BK59AZ9Awlm/";;@;# # # #;"781161544906407936";https://twitter.com/leah_quimby/status/781161544906407936
;2016-09-28 23:57;0;0;"who cares about miss machado. What about your foundation, Benghazi, your husband's affairs while in the White House etc?";;;;"781160938024173568";https://twitter.com/GuttillaLori/status/781160938024173568
;2016-09-28 23:56;0;0;"You are so boring that I must now do to you what CRIMINAL @ HillaryClinton did with her emails DELETE! Bye-bye";;@;;"781160771489107970";https://twitter.com/NYBRUISER/status/781160771489107970
;2016-09-28 23:51;0;0;"Milwaukee trends now: Hillary Clinton, Lion King, Pepe the Frog, Another Man, AllMaleReboots and debatenight. http://toplocalnow.com/us/milwaukee?section=trends …";;;;"781159303818338304";https://twitter.com/MilwaukeeCP/status/781159303818338304
;2016-09-28 23:28;0;0;"Hillary # justdoit @Empire State Building https://www.instagram.com/p/BK55c3xBAclvc9dDmM_OaWWA-G39WTWGqv3_Ls0/ …";;@Empire;#;"781153729638600704";https://twitter.com/dorseywm/status/781153729638600704
;2016-09-28 23:19;0;0;"# double # serving of # hillary # clinton # hillaryclinton # americanbreakfast # presidential… https://www.instagram.com/p/BK54aDUBOIE/";;;# # # # # # #;"781151435081736197";https://twitter.com/chuckypasa/status/781151435081736197
;2016-09-28 23:17;0;0;"Scary, Plausible Scenario: # Hillary barely wins due2 massive # ElectionFraud, # VoterFraud. Unrest & division lead2 internal social chaos.";;;# # #;"781150942427131904";https://twitter.com/xtrabiggg/status/781150942427131904
;2016-09-28 23:12;0;0;"Donald Trump's supporters distrust the media nearly as much as they distrust Hillary Clinton http://nyp.st/2cVbmAE";;;;"781149488031240192";https://twitter.com/NewYorkCP/status/781149488031240192
;2016-09-28 23:12;0;0;"Most discussed topic in Jacksonville right now: Hillary Clinton http://toplocalnow.com/us/jacksonville?topic=hillary-clinton …";;;;"781149485263048705";https://twitter.com/JacksonvilleCP/status/781149485263048705
;2016-09-28 23:11;0;0;"Most discussed topic in Milwaukee right now: Hillary Clinton http://toplocalnow.com/us/milwaukee?topic=hillary-clinton …";;;;"781149366408970241";https://twitter.com/MilwaukeeCP/status/781149366408970241
;2016-09-28 23:11;0;0;"There's this girl on my Twitter who supports Trump, but tweets more about made up Hillary accusations and can't defend Trump. Wonder why?";;;;"781149345479438338";https://twitter.com/jamiecruz08/status/781149345479438338
;2016-09-28 23:11;0;0;"@ Varneyco: # Hillary interrupting @ realDonaldTrump is pure, egregious # Misandry. America DEMANDS an apology & a round of # MSM condemnations.";;@ @;# # #;"781149235123134464";https://twitter.com/xtrabiggg/status/781149235123134464
;2016-09-28 23:06;2;2;"Inside the # Hillary BrainTrust: # Racism- Didn'tWork. # Sexism- Didn'tWork. # Xenophobia- Didn'tWork. # TaxReturns- Didn'tWork. # Russians!";;;# # # # # #;"781148200937721856";https://twitter.com/xtrabiggg/status/781148200937721856
;2016-09-28 22:57;0;0;"Si sabes @ SrTrendingTopic que "Katy Perry" es sobrina de Hillary Clinton.";;@;;"781145930766569472";https://twitter.com/abemora1/status/781145930766569472
;2016-09-28 22:56;0;0;"@ ChrisJansing Why don't you try asking them substantive questions on the air? Instead if trying to highlight Hillary's weaknesses.";;@;;"781145638914306053";https://twitter.com/drtyronegray20/status/781145638914306053
;2016-09-28 22:56;0;1;"@ saraiarriozola Tu pluma es una piedra preciosa, de ella emana una exquisita prosa. Maravilloso artículo sobre @ HillaryClinton @ Hillary_esp";;@ @ @;;"781145625303715841";https://twitter.com/melo58/status/781145625303715841
;2016-09-28 22:52;0;0;"No";;;;"781144681413480448";https://twitter.com/brianyoungjabra/status/781144681413480448
;2016-09-28 22:52;0;0;"NO";;;;"781144584629981184";https://twitter.com/brianyoungjabra/status/781144584629981184
;2016-09-28 22:52;0;0;"Jacksonville trends now: Hillary Clinton, Shimon Peres, ThisIsUs, debatenight and WOKVtraffic. http://toplocalnow.com/us/jacksonville?section=trends …";;;;"781144568112611333";https://twitter.com/JacksonvilleCP/status/781144568112611333
;2016-09-28 22:32;0;0;"Ottawa trends now: Shimon Peres, Tory MP, Hillary, canlab and debatenight. http://toplocalnow.com/ca/ottawa?section=trends …";;;;"781139416462991360";https://twitter.com/OttawaCP/status/781139416462991360
;2016-09-28 22:32;0;0;"Vancouver trends now: Pacific NorthWest LNG, Shimon Peres, Hillary, AllMaleReboots and debatenight. http://toplocalnow.com/ca/vancouver?section=trends …";;;;"781139415326269441";https://twitter.com/Vancouver_CP/status/781139415326269441
;2016-09-28 22:19;1;2;"If You Think lying committing Treason as @ HillaryClinton does makes her a winner @ TheDemocrats You lose Vote for a Winner @ realDonaldTrump";;@ @ @;;"781136233858727936";https://twitter.com/angelamcknight9/status/781136233858727936
;2016-09-28 22:08;0;0;"# hillaryclinton2016 art fundraiser with Hillary Clinton Surrogate # carlosdeltoro With… https://www.instagram.com/p/BK5wPkYjrXk/";;;# #;"781133478616244224";https://twitter.com/mcfullofgold/status/781133478616244224
;2016-09-28 21:53;0;0;"Evidence shows Hillary Clinton left the State Department in shambles and our nation weaker http://nyp.st/2d475x5";;;;"781129726865747968";https://twitter.com/NewYorkCP/status/781129726865747968
;2016-09-28 21:33;0;0;"Espaillat: “Hillary le enseñó a nación que Trump no está en sus cabales” Por: JOSE ZABALA… https://www.instagram.com/p/BK5sOk_h7dp/";;;;"781124652676415488";https://twitter.com/zabalaaldia/status/781124652676415488
;2016-09-28 21:23;0;0;"@ HillaryClinton please just do us a favor and chug a cup of lighter fluid then swallow a lit match";;@;;"781122260551798784";https://twitter.com/uWANTEDu/status/781122260551798784
;2016-09-28 21:21;0;0;"# Election2016 Black Americans have been "used" for 50+ years by the Democrats simply for their Votes. Waking Up!!";;;#;"781121639614472192";https://twitter.com/EdDavis7/status/781121639614472192
;2016-09-28 21:11;0;0;"more BS just can't admit TRUMP is a genuine buffoon # trump # ImWithHer # FeelTheBern @ HillaryClinton @ realDonaldTrump";;@ @;# # #;"781119054438359040";https://twitter.com/Sairapture/status/781119054438359040
;2016-09-28 21:03;0;0;"If @ realDonaldTrump were 2call # Hillary # Corrupt, Liar, Obstructer of Justice, # MoneyLaundering tool of # Banksters, he'd be a # Misogynist?";;@;# # # # #;"781117157564411908";https://twitter.com/xtrabiggg/status/781117157564411908
;2016-09-28 20:58;0;2;"Hillary Clinton slammed Donald Trump during their first presidential debate after the real… https://www.instagram.com/p/BK2zwK_hSnY/";;;;"781115895271731201";https://twitter.com/iamelvisrichard/status/781115895271731201
;2016-09-28 20:22;0;0;"# Hillary is miscalculating on hitting @ realDonaldTrump on his taxes. Most REAL ppl try 2 pay as little taxes as possible, & HATE the # IRS!";;@;# #;"781106784161398784";https://twitter.com/xtrabiggg/status/781106784161398784
;2016-09-28 20:00;0;1;"You don't have to be a girl to be with her! # hillary # imwithher… https://www.instagram.com/p/BK5hinmjiz0MnFX-tH6SJ1ZQeSOttrJ4S4SrRo0/ …";;;# #;"781101148975591426";https://twitter.com/DavidMZapata/status/781101148975591426
;2016-09-28 19:50;0;0;"@ realDonaldTrump (2) with scandal and alike Chelsea who u claim to respect I would say @ HillaryClinton feels the same toward";;@ @;;"781098763590959104";https://twitter.com/MsJennAnn/status/781098763590959104
;2016-09-28 19:39;0;0;"TODAY @5:30pm - LGBT Action for Hillary Clinton! http://sdnyc.org/blog/2016/9/28/today-530pm-lgbt-action-for-hillary-clinton …";;@5;;"781096058931687424";https://twitter.com/SDNYC/status/781096058931687424
;2016-09-28 19:29;0;0;"Go Hillary!! She said, "I prepared to be president!" # ImWithHer Good morning IG/Facebook On… https://www.instagram.com/p/BK5eAikBKMz/";;;#;"781093381208276992";https://twitter.com/REALTORTOBIAS/status/781093381208276992